Age,BMI,Hemoglobin,Glucose,Protein,WBC,RBC,BP,Fat,Diagnosis
33,19.1,10.3,142.0,5.7,6554.0,3.61,134,15.7,Healthy
68,32.4,12.6,128.0,7.9,7607.0,4.45,109,26.6,Cancer
44,31.6,11.8,124.0,8.1,4615.0,5.32,136,23.0,Cancer
42,25.6,13.3,145.0,6.1,9960.0,5.8,135,24.8,Healthy
36,31.4,10.3,109.0,5.6,8792.0,4.12,118,24.2,Cancer
66,22.8,16.5,117.0,8.2,6196.0,4.56,126,35.3,Healthy
68,19.3,14.6,158.0,7.1,8160.0,3.81,128,21.8,Healthy
72,26.1,15.1,93.0,8.1,9437.0,5.74,143,13.8,Healthy
40,22.4,12.2,150.0,6.5,5567.0,3.62,117,38.5,Cancer
56,25.8,12.0,89.0,7.4,8181.0,4.48,129,13.5,Cancer
32,18.3,12.9,119.0,7.8,9840.0,3.88,119,29.8,Healthy
78,27.0,11.4,148.0,7.3,4522.0,4.74,105,26.4,Healthy
38,34.4,15.4,153.0,6.6,5629.0,5.09,119,16.8,Healthy
34,32.3,16.7,78.0,7.8,5244.0,5.18,141,22.1,Healthy
78,29.8,11.6,147.0,7.7,4140.0,5.66,90,24.9,Healthy
33,25.6,10.4,79.0,7.7,10298.0,5.57,97,27.9,Cancer
66,30.0,13.1,157.0,6.2,4560.0,4.7,110,26.4,Healthy
32,33.2,16.9,132.0,5.7,7741.0,3.97,102,34.0,Cancer
74,21.6,10.3,145.0,7.4,7745.0,3.97,105,34.2,Cancer
62,28.2,13.5,82.0,8.4,7582.0,5.75,118,39.5,Cancer
64,34.4,10.2,148.0,7.5,9070.0,3.95,149,16.5,Healthy
73,20.4,12.5,148.0,8.5,6311.0,4.29,148,26.2,Cancer
41,24.3,10.8,121.0,6.1,4019.0,3.58,91,19.6,Cancer
59,26.9,16.4,93.0,7.5,6666.0,4.13,128,33.5,Healthy
45,33.0,16.7,104.0,6.3,10468.0,4.07,90,26.6,Cancer
52,23.2,12.2,137.0,6.9,9560.0,4.05,109,16.9,Cancer
70,27.0,13.6,115.0,7.4,6265.0,3.76,125,13.8,Healthy
54,28.1,16.1,139.0,6.3,4124.0,5.04,149,14.3,Healthy
40,18.7,13.8,93.0,5.6,9753.0,5.45,129,32.9,Cancer
59,24.4,14.2,99.0,7.9,8011.0,4.53,144,33.6,Healthy
34,30.9,14.9,79.0,6.6,5484.0,4.47,142,24.2,Healthy
30,27.2,12.8,108.0,7.9,7336.0,5.59,93,29.8,Cancer
31,29.3,15.1,83.0,6.1,4442.0,5.52,114,27.6,Healthy
43,21.5,12.8,123.0,6.5,8075.0,4.53,125,26.3,Healthy
32,32.0,15.9,159.0,6.5,9479.0,3.53,147,39.4,Healthy
41,29.8,14.0,143.0,5.7,5099.0,5.06,138,25.8,Cancer
74,30.1,16.8,158.0,8.0,10981.0,5.43,97,20.8,Cancer
53,29.8,13.0,155.0,6.4,4901.0,5.77,140,18.1,Cancer
65,26.0,11.1,113.0,6.1,5577.0,5.78,148,12.3,Cancer
33,18.8,11.1,71.0,7.6,9160.0,4.11,133,15.3,Healthy
33,34.1,13.4,136.0,5.9,7348.0,4.15,115,12.6,Healthy
59,21.3,10.3,132.0,5.8,6258.0,5.98,109,18.5,Healthy
53,23.5,15.6,100.0,7.3,6480.0,4.17,108,32.5,Healthy
78,21.2,15.4,120.0,5.9,8022.0,3.76,111,28.9,Healthy
54,26.2,15.9,154.0,6.7,10071.0,5.38,140,37.4,Cancer
35,29.6,10.5,105.0,7.6,6651.0,5.29,96,10.9,Cancer
51,26.1,13.4,125.0,6.0,6492.0,4.09,119,22.8,Cancer
71,27.0,12.8,97.0,7.1,6362.0,5.0,118,17.9,Cancer
63,29.0,15.2,148.0,7.4,4002.0,4.8,93,39.4,Healthy
35,19.0,14.2,130.0,6.9,4854.0,4.31,129,36.5,Healthy
78,19.4,14.7,106.0,5.5,4160.0,5.93,100,11.3,Healthy
66,22.6,10.5,105.0,6.3,4436.0,5.23,91,14.1,Cancer
62,19.0,11.0,150.0,8.4,9515.0,5.89,124,16.1,Healthy
50,23.5,15.8,80.0,7.0,4128.0,3.56,117,18.2,Cancer
73,22.2,11.0,93.0,8.5,5633.0,4.45,99,21.7,Cancer
55,19.7,11.5,124.0,6.5,7012.0,5.82,113,12.7,Healthy
37,34.9,14.8,122.0,5.8,7709.0,4.01,144,38.3,Cancer
51,34.4,12.3,124.0,8.0,5706.0,5.53,92,39.7,Healthy
32,18.8,16.4,79.0,8.2,6959.0,3.66,136,17.1,Healthy
46,22.5,11.8,131.0,7.2,7357.0,4.72,122,27.0,Cancer
53,34.7,11.3,83.0,7.3,8977.0,5.02,110,24.7,Cancer
54,18.3,16.6,101.0,7.8,8245.0,3.71,147,18.0,Healthy
42,30.2,12.7,119.0,5.7,10747.0,3.73,119,39.3,Healthy
63,26.1,12.1,109.0,8.0,6866.0,4.0,133,32.1,Healthy
68,33.8,13.4,133.0,8.4,10113.0,5.72,98,23.1,Healthy
45,33.0,13.3,110.0,7.5,10053.0,3.83,121,27.0,Healthy
37,21.2,11.7,152.0,8.2,7543.0,4.54,99,15.4,Cancer
32,23.5,16.7,113.0,7.4,5077.0,5.86,105,11.1,Healthy
63,22.1,14.7,156.0,6.6,10536.0,4.22,113,33.1,Cancer
68,33.1,14.6,133.0,8.0,7840.0,4.97,137,37.7,Cancer
64,18.5,13.5,109.0,6.5,5546.0,4.05,107,35.4,Healthy
58,27.4,16.2,75.0,8.2,8253.0,5.9,90,11.5,Cancer
42,33.2,13.0,91.0,8.2,4651.0,5.65,93,32.2,Healthy
64,22.7,10.7,123.0,6.4,10524.0,5.66,96,27.0,Cancer
70,32.5,13.0,92.0,7.8,7842.0,3.58,108,39.1,Cancer
54,26.0,15.9,119.0,6.6,4937.0,4.72,127,24.9,Healthy
71,24.9,13.6,104.0,6.9,7180.0,5.8,108,18.9,Cancer
67,32.8,12.5,104.0,6.1,6710.0,5.21,101,20.7,Healthy
55,34.0,12.9,119.0,5.8,4037.0,3.76,113,38.5,Cancer
78,19.8,13.3,129.0,6.0,4592.0,4.39,105,37.4,Cancer
72,26.0,10.6,101.0,7.7,8336.0,3.91,103,31.6,Healthy
52,29.8,13.8,155.0,6.3,9896.0,5.8,140,34.0,Cancer
62,32.4,16.5,134.0,7.6,8157.0,4.66,112,11.0,Cancer
50,34.5,11.3,112.0,6.8,10120.0,4.01,138,22.3,Cancer
37,29.8,15.0,122.0,6.6,6400.0,4.64,108,18.7,Cancer
52,30.5,14.2,79.0,6.2,7324.0,4.75,131,32.0,Healthy
42,22.2,15.2,104.0,7.1,5673.0,5.56,116,35.6,Healthy
39,31.9,15.8,75.0,6.1,8396.0,5.15,106,11.7,Healthy
31,28.8,11.4,115.0,5.7,7951.0,4.91,139,16.4,Cancer
54,33.4,12.3,90.0,6.8,7727.0,3.76,103,13.9,Healthy
45,21.7,11.9,154.0,6.9,8879.0,5.13,136,27.7,Cancer
63,34.1,12.8,84.0,5.5,6081.0,4.18,92,22.5,Healthy
47,25.5,14.2,97.0,7.4,6834.0,4.3,138,35.9,Healthy
71,21.7,16.2,95.0,6.7,10904.0,4.83,108,27.3,Cancer
65,19.9,14.5,154.0,8.3,6433.0,5.38,96,36.1,Cancer
76,20.1,13.9,126.0,6.3,9320.0,4.58,140,34.9,Cancer
54,23.0,17.0,144.0,6.5,10078.0,4.94,119,10.6,Cancer
68,23.2,13.4,115.0,5.9,9911.0,5.35,139,28.0,Cancer
34,32.6,14.5,113.0,7.9,6585.0,4.7,110,30.9,Cancer